{
    "0": {
        "precision": 0.9946328372773847,
        "recall": 0.9871670702179177,
        "f1-score": 0.990885891359825,
        "support": 4130.0
    },
    "1": {
        "precision": 0.9652686762778506,
        "recall": 0.9852842809364548,
        "f1-score": 0.9751737835153922,
        "support": 1495.0
    },
    "accuracy": 0.9866666666666667,
    "macro avg": {
        "precision": 0.9799507567776177,
        "recall": 0.9862256755771863,
        "f1-score": 0.9830298374376085,
        "support": 5625.0
    },
    "weighted avg": {
        "precision": 0.9868284958206196,
        "recall": 0.9866666666666667,
        "f1-score": 0.9867099622527269,
        "support": 5625.0
    }
}