{
    "0": {
        "precision": 0.9951207611612588,
        "recall": 0.9876513317191283,
        "f1-score": 0.9913719771539676,
        "support": 4130.0
    },
    "1": {
        "precision": 0.9665792922673656,
        "recall": 0.9866220735785953,
        "f1-score": 0.9764978483945713,
        "support": 1495.0
    },
    "accuracy": 0.9873777777777778,
    "macro avg": {
        "precision": 0.9808500267143122,
        "recall": 0.9871367026488618,
        "f1-score": 0.9839349127742695,
        "support": 5625.0
    },
    "weighted avg": {
        "precision": 0.9875350729841263,
        "recall": 0.9873777777777778,
        "f1-score": 0.9874187642659148,
        "support": 5625.0
    }
}