{
    "0": {
        "precision": 0.994873046875,
        "recall": 0.986682808716707,
        "f1-score": 0.9907610017019208,
        "support": 4130.0
    },
    "1": {
        "precision": 0.9640287769784173,
        "recall": 0.9859531772575251,
        "f1-score": 0.9748677248677248,
        "support": 1495.0
    },
    "accuracy": 0.9864888888888889,
    "macro avg": {
        "precision": 0.9794509119267086,
        "recall": 0.986317992987116,
        "f1-score": 0.9828143632848227,
        "support": 5625.0
    },
    "weighted avg": {
        "precision": 0.9866753253647083,
        "recall": 0.9864888888888889,
        "f1-score": 0.9865369219033212,
        "support": 5625.0
    }
}