{
    "0": {
        "precision": 0.9958404697822364,
        "recall": 0.9854721549636803,
        "f1-score": 0.9906291834002677,
        "support": 4130.0
    },
    "1": {
        "precision": 0.9609882964889467,
        "recall": 0.988628762541806,
        "f1-score": 0.9746125947906363,
        "support": 1495.0
    },
    "accuracy": 0.9863111111111111,
    "macro avg": {
        "precision": 0.9784143831355916,
        "recall": 0.9870504587527431,
        "f1-score": 0.982620889095452,
        "support": 5625.0
    },
    "weighted avg": {
        "precision": 0.9865775366136198,
        "recall": 0.9863111111111111,
        "f1-score": 0.986372330072019,
        "support": 5625.0
    }
}