{
    "default_model_accuracy": 0.9864888888888889,
    "best_model_accuracy": 0.9866666666666667
}