{
    "default_model_accuracy": 0.9863111111111111,
    "best_model_accuracy": 0.9873777777777778
}